id,morph,length_cm,weight_g,sex,head_length,bone,teeth_count
9,SB,12.5,22,F,32.16,Dentary,11
10,SB,14,37,F,36.2,Dentary,14
11,SB,16,23,F,28.7,Dentary,13
14,SB,12.5,25,F,29.1,Dentary,12
16,SB,12.5,23,F,31.03,Dentary,14
17,SB,13,24,F,31.3,Dentary,11
18,SB,14,37,F,36,Dentary,11
19,SB,14.5,33,F,34.1,Dentary,NA
22,SB,14.5,30,F,34.6,Dentary,12
81,SB,12.2,23,F,29.59,Dentary,12
82,SB,13.1,24,F,31.45,Dentary,14
83,SB,14.5,33,M,38.55,Dentary,13
84,SB,14,31,F,34.48,Dentary,10
85,SB,15,42,M,39.03,Dentary,12
86,SB,12.2,21,F,29.92,Dentary,13
87,SB,13.8,28,F,35.3,Dentary,14
88,SB,14.5,36,F,37.49,Dentary,15
89,SB,17.2,48,F,44.14,Dentary,14
96,SB,9.6,10,M,24.62,Dentary,13
97,SB,9.9,12,F,25.9,Dentary,16
100,SB,13.5,29,M,36.35,Dentary,13
163,SB,11,16,M,29.2,Dentary,12
169,SB,15.6,44,F,43.23,Dentary,12
170,SB,14,38,F,32.85,Dentary,13
171,SB,16,46,F,38.14,Dentary,15
172,SB,16.3,49,F,38.9,Dentary,14
179,SB,16.5,54,F,40.97,Dentary,18
180,SB,14.8,45,M,39.5,Dentary,12
182,SB,10.8,14,M,26.84,Dentary,12
183,SB,12,18,F,26.91,Dentary,13
184,SB,11.2,15,F,26.33,Dentary,12
187,SB,11.8,20,F,30.05,Dentary,12
189,SB,15.6,43,F,39.22,Dentary,10
31,LB,28.5,322,F,67.41,Dentary,16
32,LB,25,188,M,55.51,Dentary,12
33,LB,18.5,68,F,45.85,Dentary,13
34,LB,24,147,F,52.46,Dentary,14
35,LB,36,605,F,80.5,Dentary,13
36,LB,30.5,323,F,71.55,Dentary,17
37,LB,29,288,M,63.91,Dentary,12
38,LB,26,218,F,59.39,Dentary,17
39,LB,27,251,F,62.29,Dentary,13
40,LB,30,385,F,67.74,Dentary,14
41,LB,26.5,211,F,66.01,Dentary,17
42,LB,30.5,378,M,71.66,Dentary,16
43,LB,21,113,M,43.88,Dentary,13
44,LB,23.3,156,M,53.87,Dentary,12
45,LB,26.5,237,M,60.01,Dentary,12
47,LB,28.6,267,M,58.36,Dentary,12
48,LB,29.6,320,M,69.74,Dentary,12
49,LB,29.4,319,M,69.29,Dentary,12
50,LB,31.5,393,F,81.22,Dentary,12
51,LB,30.3,328,M,68.15,Dentary,13
52,LB,31.4,410,F,73.37,Dentary,15
107,LB,28.4,296,F,64.83,Dentary,13
108,LB,28,303,M,65.02,Dentary,14
109,LB,28,287,F,62.07,Dentary,13
110,LB,29.5,354,M,65.41,Dentary,12
111,LB,30.7,395,M,67.42,Dentary,13
112,LB,30.5,334,F,68.05,Dentary,16
113,LB,30.9,380,F,66.07,Dentary,13
114,LB,36.6,665,M,87.28,Dentary,13
115,LB,32.3,453,M,63.3,Dentary,13
117,LB,29.5,337,F,79.93,Dentary,12
118,LB,29.7,353,F,66.16,Dentary,16
1,PL,16.5,54,M,38.5,Dentary,18
2,PL,17,57,M,39.5,Dentary,NA
3,PL,17,61,M,NA,Dentary,17
4,PL,14.5,40,M,35.81,Dentary,14
5,PL,15,44,M,35.5,Dentary,15
6,PL,17.5,62,M,42.5,Dentary,16
7,PL,18,74,M,43.4,Dentary,16
8,PL,16.5,57,M,38.8,Dentary,17
53,PL,14.5,35,M,33.85,Dentary,14
54,PL,15.6,49,M,37.82,Dentary,17
55,PL,15.9,48,M,39.95,Dentary,15
56,PL,16.2,53,M,36.48,Dentary,16
57,PL,16.3,55,M,40.23,Dentary,13
58,PL,16.6,56,M,38.52,Dentary,15
59,PL,15.8,49,M,39.84,Dentary,16
60,PL,18.9,77,M,44.42,Dentary,18
61,PL,18.8,82,M,46.22,Dentary,16
62,PL,14.4,40,M,33.83,Dentary,15
90,PL,17.5,64,M,39.73,Dentary,16
91,PL,17.1,63,M,39.01,Dentary,15
92,PL,16.3,55,M,43.52,Dentary,15
93,PL,16.5,61,M,41.08,Dentary,14
192,PL,15.5,40,F,31.36,Dentary,15
194,PL,16,42,M,38.57,Dentary,17
195,PL,15.8,44,M,38.57,Dentary,18
196,PL,16.3,45,F,36.51,Dentary,15
197,PL,19.3,70,M,42.18,Dentary,17
198,PL,19.2,77,M,44.96,Dentary,14
199,PL,17.7,53,F,37.28,Dentary,17
200,PL,18.3,54,F,43.18,Dentary,15
201,PL,19.6,77,F,45.23,Dentary,12
202,PL,20.8,96,M,45.12,Dentary,20
203,PL,15.8,50,M,35.98,Dentary,17
204,PL,16.2,57,M,37.99,Dentary,21
205,PL,16.5,48,M,39.07,Dentary,20
206,PL,18,69,M,41.86,Dentary,19
207,PL,19.8,88,M,48.17,Dentary,15
24,PI,23.6,145,M,55.69,Dentary,13
25,PI,31.5,414,F,67.3,Dentary,15
26,PI,24.5,205,M,57.82,Dentary,20
27,PI,37.5,727,M,103.21,Dentary,13
28,PI,36,547,M,82.82,Dentary,14
29,PI,40,845,F,92.32,Dentary,14
30,PI,33.5,560,M,82.35,Dentary,13
63,PI,25.3,188,M,60.75,Dentary,19
65,PI,29,265,F,68.49,Dentary,14
66,PI,27.8,251,F,64.69,Dentary,18
67,PI,28.5,250,M,68,Dentary,15
68,PI,27.7,268,M,66.97,Dentary,13
69,PI,28.2,250,M,66.73,Dentary,13
72,PI,30,354,M,78.04,Dentary,15
94,PI,50.3,1624,M,125.4,Dentary,18
95,PI,59.4,3626,M,151.2,Dentary,16
103,PI,32.5,439,F,75.43,Dentary,13
104,PI,35.7,527,M,81.41,Dentary,13
105,PI,35.3,683,M,83.97,Dentary,16
106,PI,50.6,1576,M,140.39,Dentary,19
119,PI,21.7,111,F,52.39,Dentary,18
120,PI,22,114,M,48.66,Dentary,17
121,PI,23.4,118,F,50.55,Dentary,16
122,PI,24.2,147,F,55.59,Dentary,17
123,PI,18.7,69,M,45.83,Dentary,18
124,PI,20.9,102,M,48.11,Dentary,17
125,PI,17.5,51,M,44.09,Dentary,17
126,PI,21.5,99,F,45.41,Dentary,17
127,PI,23,117,M,52.08,Dentary,19
128,PI,24,151,F,50.03,Dentary,19
129,PI,26.5,212,F,57.85,Dentary,16
133,PI,22.6,138,M,53.32,Dentary,16
139,PI,30.8,356,M,78.42,Dentary,16
143,PI,30.7,315,F,64.64,Dentary,18
146,PI,28.6,274,M,74.53,Dentary,15
154,PI,25.2,161,F,57.92,Dentary,19
9,SB,12.5,22,F,32.16,Maxilla,14
10,SB,14,37,F,36.2,Maxilla,16
11,SB,16,23,F,28.7,Maxilla,14
14,SB,12.5,25,F,29.1,Maxilla,19
16,SB,12.5,23,F,31.03,Maxilla,17
17,SB,13,24,F,31.3,Maxilla,17
18,SB,14,37,F,36,Maxilla,16
19,SB,14.5,33,F,34.1,Maxilla,NA
22,SB,14.5,30,F,34.6,Maxilla,17
81,SB,12.2,23,F,29.59,Maxilla,16
82,SB,13.1,24,F,31.45,Maxilla,16
83,SB,14.5,33,M,38.55,Maxilla,17
84,SB,14,31,F,34.48,Maxilla,18
85,SB,15,42,M,39.03,Maxilla,24
86,SB,12.2,21,F,29.92,Maxilla,15
87,SB,13.8,28,F,35.3,Maxilla,NA
88,SB,14.5,36,F,37.49,Maxilla,16
89,SB,17.2,48,F,44.14,Maxilla,21
96,SB,9.6,10,M,24.62,Maxilla,15
97,SB,9.9,12,F,25.9,Maxilla,16
100,SB,13.5,29,M,36.35,Maxilla,16
163,SB,11,16,M,29.2,Maxilla,16
169,SB,15.6,44,F,43.23,Maxilla,15
170,SB,14,38,F,32.85,Maxilla,19
171,SB,16,46,F,38.14,Maxilla,19
172,SB,16.3,49,F,38.9,Maxilla,18
179,SB,16.5,54,F,40.97,Maxilla,22
180,SB,14.8,45,M,39.5,Maxilla,22
182,SB,10.8,14,M,26.84,Maxilla,16
183,SB,12,18,F,26.91,Maxilla,14
184,SB,11.2,15,F,26.33,Maxilla,18
187,SB,11.8,20,F,30.05,Maxilla,14
189,SB,15.6,43,F,39.22,Maxilla,18
31,LB,28.5,322,F,67.41,Maxilla,16
32,LB,25,188,M,55.51,Maxilla,23
33,LB,18.5,68,F,45.85,Maxilla,16
34,LB,24,147,F,52.46,Maxilla,22
35,LB,36,605,F,80.5,Maxilla,17
36,LB,30.5,323,F,71.55,Maxilla,20
37,LB,29,288,M,63.91,Maxilla,18
38,LB,26,218,F,59.39,Maxilla,23
39,LB,27,251,F,62.29,Maxilla,18
40,LB,30,385,F,67.74,Maxilla,21
41,LB,26.5,211,F,66.01,Maxilla,20
42,LB,30.5,378,M,71.66,Maxilla,21
43,LB,21,113,M,43.88,Maxilla,19
44,LB,23.3,156,M,53.87,Maxilla,15
45,LB,26.5,237,M,60.01,Maxilla,23
47,LB,28.6,267,M,58.36,Maxilla,20
48,LB,29.6,320,M,69.74,Maxilla,21
49,LB,29.4,319,M,69.29,Maxilla,23
50,LB,31.5,393,F,81.22,Maxilla,17
51,LB,30.3,328,M,68.15,Maxilla,20
52,LB,31.4,410,F,73.37,Maxilla,17
107,LB,28.4,296,F,64.83,Maxilla,24
108,LB,28,303,M,65.02,Maxilla,20
109,LB,28,287,F,62.07,Maxilla,21
110,LB,29.5,354,M,65.41,Maxilla,24
111,LB,30.7,395,M,67.42,Maxilla,23
112,LB,30.5,334,F,68.05,Maxilla,21
113,LB,30.9,380,F,66.07,Maxilla,18
114,LB,36.6,665,M,87.28,Maxilla,17
115,LB,32.3,453,M,63.3,Maxilla,20
117,LB,29.5,337,F,79.93,Maxilla,22
118,LB,29.7,353,F,66.16,Maxilla,18
1,PL,16.5,54,M,38.5,Maxilla,20
2,PL,17,57,M,39.5,Maxilla,NA
3,PL,17,61,M,NA,Maxilla,NA
4,PL,14.5,40,M,35.81,Maxilla,16
5,PL,15,44,M,35.5,Maxilla,NA
6,PL,17.5,62,M,42.5,Maxilla,17
7,PL,18,74,M,43.4,Maxilla,20
8,PL,16.5,57,M,38.8,Maxilla,18
53,PL,14.5,35,M,33.85,Maxilla,17
54,PL,15.6,49,M,37.82,Maxilla,16
55,PL,15.9,48,M,39.95,Maxilla,14
56,PL,16.2,53,M,36.48,Maxilla,17
57,PL,16.3,55,M,40.23,Maxilla,14
58,PL,16.6,56,M,38.52,Maxilla,17
59,PL,15.8,49,M,39.84,Maxilla,15
60,PL,18.9,77,M,44.42,Maxilla,18
61,PL,18.8,82,M,46.22,Maxilla,17
62,PL,14.4,40,M,33.83,Maxilla,13
90,PL,17.5,64,M,39.73,Maxilla,17
91,PL,17.1,63,M,39.01,Maxilla,16
92,PL,16.3,55,M,43.52,Maxilla,18
93,PL,16.5,61,M,41.08,Maxilla,17
192,PL,15.5,40,F,31.36,Maxilla,15
194,PL,16,42,M,38.57,Maxilla,19
195,PL,15.8,44,M,38.57,Maxilla,18
196,PL,16.3,45,F,36.51,Maxilla,16
197,PL,19.3,70,M,42.18,Maxilla,19
198,PL,19.2,77,M,44.96,Maxilla,22
199,PL,17.7,53,F,37.28,Maxilla,20
200,PL,18.3,54,F,43.18,Maxilla,18
201,PL,19.6,77,F,45.23,Maxilla,17
202,PL,20.8,96,M,45.12,Maxilla,22
203,PL,15.8,50,M,35.98,Maxilla,19
204,PL,16.2,57,M,37.99,Maxilla,19
205,PL,16.5,48,M,39.07,Maxilla,16
206,PL,18,69,M,41.86,Maxilla,16
207,PL,19.8,88,M,48.17,Maxilla,17
24,PI,23.6,145,M,55.69,Maxilla,19
25,PI,31.5,414,F,67.3,Maxilla,18
26,PI,24.5,205,M,57.82,Maxilla,22
27,PI,37.5,727,M,103.21,Maxilla,19
28,PI,36,547,M,82.82,Maxilla,20
29,PI,40,845,F,92.32,Maxilla,16
30,PI,33.5,560,M,82.35,Maxilla,18
63,PI,25.3,188,M,60.75,Maxilla,22
65,PI,29,265,F,68.49,Maxilla,20
66,PI,27.8,251,F,64.69,Maxilla,20
67,PI,28.5,250,M,68,Maxilla,19
68,PI,27.7,268,M,66.97,Maxilla,18
69,PI,28.2,250,M,66.73,Maxilla,17
72,PI,30,354,M,78.04,Maxilla,14
94,PI,50.3,1624,M,125.4,Maxilla,18
95,PI,59.4,3626,M,151.2,Maxilla,19
103,PI,32.5,439,F,75.43,Maxilla,17
104,PI,35.7,527,M,81.41,Maxilla,17
105,PI,35.3,683,M,83.97,Maxilla,17
106,PI,50.6,1576,M,140.39,Maxilla,24
119,PI,21.7,111,F,52.39,Maxilla,20
120,PI,22,114,M,48.66,Maxilla,19
121,PI,23.4,118,F,50.55,Maxilla,20
122,PI,24.2,147,F,55.59,Maxilla,17
123,PI,18.7,69,M,45.83,Maxilla,20
124,PI,20.9,102,M,48.11,Maxilla,18
125,PI,17.5,51,M,44.09,Maxilla,22
126,PI,21.5,99,F,45.41,Maxilla,17
127,PI,23,117,M,52.08,Maxilla,21
128,PI,24,151,F,50.03,Maxilla,19
129,PI,26.5,212,F,57.85,Maxilla,21
133,PI,22.6,138,M,53.32,Maxilla,20
139,PI,30.8,356,M,78.42,Maxilla,23
143,PI,30.7,315,F,64.64,Maxilla,13
146,PI,28.6,274,M,74.53,Maxilla,22
154,PI,25.2,161,F,57.92,Maxilla,19
9,SB,12.5,22,F,32.16,Premaxilla,6
10,SB,14,37,F,36.2,Premaxilla,7
11,SB,16,23,F,28.7,Premaxilla,6
14,SB,12.5,25,F,29.1,Premaxilla,5
16,SB,12.5,23,F,31.03,Premaxilla,9
17,SB,13,24,F,31.3,Premaxilla,7
18,SB,14,37,F,36,Premaxilla,6
19,SB,14.5,33,F,34.1,Premaxilla,9
22,SB,14.5,30,F,34.6,Premaxilla,8
81,SB,12.2,23,F,29.59,Premaxilla,7
82,SB,13.1,24,F,31.45,Premaxilla,7
83,SB,14.5,33,M,38.55,Premaxilla,8
84,SB,14,31,F,34.48,Premaxilla,7
85,SB,15,42,M,39.03,Premaxilla,NA
86,SB,12.2,21,F,29.92,Premaxilla,6
87,SB,13.8,28,F,35.3,Premaxilla,9
88,SB,14.5,36,F,37.49,Premaxilla,8
89,SB,17.2,48,F,44.14,Premaxilla,NA
96,SB,9.6,10,M,24.62,Premaxilla,NA
97,SB,9.9,12,F,25.9,Premaxilla,7
100,SB,13.5,29,M,36.35,Premaxilla,5
163,SB,11,16,M,29.2,Premaxilla,8
169,SB,15.6,44,F,43.23,Premaxilla,8
170,SB,14,38,F,32.85,Premaxilla,9
171,SB,16,46,F,38.14,Premaxilla,9
172,SB,16.3,49,F,38.9,Premaxilla,6
179,SB,16.5,54,F,40.97,Premaxilla,9
180,SB,14.8,45,M,39.5,Premaxilla,6
182,SB,10.8,14,M,26.84,Premaxilla,8
183,SB,12,18,F,26.91,Premaxilla,8
184,SB,11.2,15,F,26.33,Premaxilla,8
187,SB,11.8,20,F,30.05,Premaxilla,8
189,SB,15.6,43,F,39.22,Premaxilla,NA
31,LB,28.5,322,F,67.41,Premaxilla,8
32,LB,25,188,M,55.51,Premaxilla,7
33,LB,18.5,68,F,45.85,Premaxilla,7
34,LB,24,147,F,52.46,Premaxilla,7
35,LB,36,605,F,80.5,Premaxilla,6
36,LB,30.5,323,F,71.55,Premaxilla,7
37,LB,29,288,M,63.91,Premaxilla,7
38,LB,26,218,F,59.39,Premaxilla,7
39,LB,27,251,F,62.29,Premaxilla,8
40,LB,30,385,F,67.74,Premaxilla,7
41,LB,26.5,211,F,66.01,Premaxilla,6
42,LB,30.5,378,M,71.66,Premaxilla,7
43,LB,21,113,M,43.88,Premaxilla,NA
44,LB,23.3,156,M,53.87,Premaxilla,5
45,LB,26.5,237,M,60.01,Premaxilla,7
47,LB,28.6,267,M,58.36,Premaxilla,5
48,LB,29.6,320,M,69.74,Premaxilla,7
49,LB,29.4,319,M,69.29,Premaxilla,6
50,LB,31.5,393,F,81.22,Premaxilla,7
51,LB,30.3,328,M,68.15,Premaxilla,7
52,LB,31.4,410,F,73.37,Premaxilla,6
107,LB,28.4,296,F,64.83,Premaxilla,7
108,LB,28,303,M,65.02,Premaxilla,6
109,LB,28,287,F,62.07,Premaxilla,6
110,LB,29.5,354,M,65.41,Premaxilla,5
111,LB,30.7,395,M,67.42,Premaxilla,8
112,LB,30.5,334,F,68.05,Premaxilla,9
113,LB,30.9,380,F,66.07,Premaxilla,8
114,LB,36.6,665,M,87.28,Premaxilla,NA
115,LB,32.3,453,M,63.3,Premaxilla,8
117,LB,29.5,337,F,79.93,Premaxilla,10
118,LB,29.7,353,F,66.16,Premaxilla,7
1,PL,16.5,54,M,38.5,Premaxilla,6
2,PL,17,57,M,39.5,Premaxilla,7
3,PL,17,61,M,NA,Premaxilla,7
4,PL,14.5,40,M,35.81,Premaxilla,7
5,PL,15,44,M,35.5,Premaxilla,7
6,PL,17.5,62,M,42.5,Premaxilla,9
7,PL,18,74,M,43.4,Premaxilla,7
8,PL,16.5,57,M,38.8,Premaxilla,7
53,PL,14.5,35,M,33.85,Premaxilla,6
54,PL,15.6,49,M,37.82,Premaxilla,6
55,PL,15.9,48,M,39.95,Premaxilla,6
56,PL,16.2,53,M,36.48,Premaxilla,5
57,PL,16.3,55,M,40.23,Premaxilla,5
58,PL,16.6,56,M,38.52,Premaxilla,8
59,PL,15.8,49,M,39.84,Premaxilla,7
60,PL,18.9,77,M,44.42,Premaxilla,8
61,PL,18.8,82,M,46.22,Premaxilla,4
62,PL,14.4,40,M,33.83,Premaxilla,6
90,PL,17.5,64,M,39.73,Premaxilla,6
91,PL,17.1,63,M,39.01,Premaxilla,7
92,PL,16.3,55,M,43.52,Premaxilla,7
93,PL,16.5,61,M,41.08,Premaxilla,6
192,PL,15.5,40,F,31.36,Premaxilla,7
194,PL,16,42,M,38.57,Premaxilla,8
195,PL,15.8,44,M,38.57,Premaxilla,5
196,PL,16.3,45,F,36.51,Premaxilla,7
197,PL,19.3,70,M,42.18,Premaxilla,8
198,PL,19.2,77,M,44.96,Premaxilla,8
199,PL,17.7,53,F,37.28,Premaxilla,8
200,PL,18.3,54,F,43.18,Premaxilla,8
201,PL,19.6,77,F,45.23,Premaxilla,7
202,PL,20.8,96,M,45.12,Premaxilla,9
203,PL,15.8,50,M,35.98,Premaxilla,7
204,PL,16.2,57,M,37.99,Premaxilla,8
205,PL,16.5,48,M,39.07,Premaxilla,6
206,PL,18,69,M,41.86,Premaxilla,6
207,PL,19.8,88,M,48.17,Premaxilla,7
24,PI,23.6,145,M,55.69,Premaxilla,9
25,PI,31.5,414,F,67.3,Premaxilla,6
26,PI,24.5,205,M,57.82,Premaxilla,8
27,PI,37.5,727,M,103.21,Premaxilla,8
28,PI,36,547,M,82.82,Premaxilla,8
29,PI,40,845,F,92.32,Premaxilla,7
30,PI,33.5,560,M,82.35,Premaxilla,7
63,PI,25.3,188,M,60.75,Premaxilla,6
65,PI,29,265,F,68.49,Premaxilla,8
66,PI,27.8,251,F,64.69,Premaxilla,NA
67,PI,28.5,250,M,68,Premaxilla,6
68,PI,27.7,268,M,66.97,Premaxilla,6
69,PI,28.2,250,M,66.73,Premaxilla,6
72,PI,30,354,M,78.04,Premaxilla,8
94,PI,50.3,1624,M,125.4,Premaxilla,8
95,PI,59.4,3626,M,151.2,Premaxilla,7
103,PI,32.5,439,F,75.43,Premaxilla,8
104,PI,35.7,527,M,81.41,Premaxilla,5
105,PI,35.3,683,M,83.97,Premaxilla,6
106,PI,50.6,1576,M,140.39,Premaxilla,9
119,PI,21.7,111,F,52.39,Premaxilla,8
120,PI,22,114,M,48.66,Premaxilla,8
121,PI,23.4,118,F,50.55,Premaxilla,9
122,PI,24.2,147,F,55.59,Premaxilla,6
123,PI,18.7,69,M,45.83,Premaxilla,8
124,PI,20.9,102,M,48.11,Premaxilla,8
125,PI,17.5,51,M,44.09,Premaxilla,7
126,PI,21.5,99,F,45.41,Premaxilla,7
127,PI,23,117,M,52.08,Premaxilla,8
128,PI,24,151,F,50.03,Premaxilla,7
129,PI,26.5,212,F,57.85,Premaxilla,8
133,PI,22.6,138,M,53.32,Premaxilla,NA
139,PI,30.8,356,M,78.42,Premaxilla,8
143,PI,30.7,315,F,64.64,Premaxilla,10
146,PI,28.6,274,M,74.53,Premaxilla,9
154,PI,25.2,161,F,57.92,Premaxilla,6
9,SB,12.5,22,F,32.16,Palatine,15
10,SB,14,37,F,36.2,Palatine,14
11,SB,16,23,F,28.7,Palatine,15
14,SB,12.5,25,F,29.1,Palatine,NA
16,SB,12.5,23,F,31.03,Palatine,9
17,SB,13,24,F,31.3,Palatine,15
18,SB,14,37,F,36,Palatine,12
19,SB,14.5,33,F,34.1,Palatine,14
22,SB,14.5,30,F,34.6,Palatine,15
81,SB,12.2,23,F,29.59,Palatine,16
82,SB,13.1,24,F,31.45,Palatine,15
83,SB,14.5,33,M,38.55,Palatine,10
84,SB,14,31,F,34.48,Palatine,17
85,SB,15,42,M,39.03,Palatine,13
86,SB,12.2,21,F,29.92,Palatine,NA
87,SB,13.8,28,F,35.3,Palatine,13
88,SB,14.5,36,F,37.49,Palatine,NA
89,SB,17.2,48,F,44.14,Palatine,16
96,SB,9.6,10,M,24.62,Palatine,NA
97,SB,9.9,12,F,25.9,Palatine,13
100,SB,13.5,29,M,36.35,Palatine,15
163,SB,11,16,M,29.2,Palatine,17
169,SB,15.6,44,F,43.23,Palatine,13
170,SB,14,38,F,32.85,Palatine,14
171,SB,16,46,F,38.14,Palatine,14
172,SB,16.3,49,F,38.9,Palatine,12
179,SB,16.5,54,F,40.97,Palatine,16
180,SB,14.8,45,M,39.5,Palatine,14
182,SB,10.8,14,M,26.84,Palatine,9
183,SB,12,18,F,26.91,Palatine,13
184,SB,11.2,15,F,26.33,Palatine,14
187,SB,11.8,20,F,30.05,Palatine,11
189,SB,15.6,43,F,39.22,Palatine,16
31,LB,28.5,322,F,67.41,Palatine,19
32,LB,25,188,M,55.51,Palatine,14
33,LB,18.5,68,F,45.85,Palatine,11
34,LB,24,147,F,52.46,Palatine,13
35,LB,36,605,F,80.5,Palatine,16
36,LB,30.5,323,F,71.55,Palatine,15
37,LB,29,288,M,63.91,Palatine,19
38,LB,26,218,F,59.39,Palatine,14
39,LB,27,251,F,62.29,Palatine,16
40,LB,30,385,F,67.74,Palatine,13
41,LB,26.5,211,F,66.01,Palatine,19
42,LB,30.5,378,M,71.66,Palatine,16
43,LB,21,113,M,43.88,Palatine,12
44,LB,23.3,156,M,53.87,Palatine,11
45,LB,26.5,237,M,60.01,Palatine,13
47,LB,28.6,267,M,58.36,Palatine,14
48,LB,29.6,320,M,69.74,Palatine,16
49,LB,29.4,319,M,69.29,Palatine,10
50,LB,31.5,393,F,81.22,Palatine,16
51,LB,30.3,328,M,68.15,Palatine,18
52,LB,31.4,410,F,73.37,Palatine,17
107,LB,28.4,296,F,64.83,Palatine,12
108,LB,28,303,M,65.02,Palatine,17
109,LB,28,287,F,62.07,Palatine,15
110,LB,29.5,354,M,65.41,Palatine,NA
111,LB,30.7,395,M,67.42,Palatine,11
112,LB,30.5,334,F,68.05,Palatine,16
113,LB,30.9,380,F,66.07,Palatine,13
114,LB,36.6,665,M,87.28,Palatine,16
115,LB,32.3,453,M,63.3,Palatine,13
117,LB,29.5,337,F,79.93,Palatine,15
118,LB,29.7,353,F,66.16,Palatine,15
1,PL,16.5,54,M,38.5,Palatine,16
2,PL,17,57,M,39.5,Palatine,18
3,PL,17,61,M,NA,Palatine,15
4,PL,14.5,40,M,35.81,Palatine,17
5,PL,15,44,M,35.5,Palatine,14
6,PL,17.5,62,M,42.5,Palatine,17
7,PL,18,74,M,43.4,Palatine,17
8,PL,16.5,57,M,38.8,Palatine,15
53,PL,14.5,35,M,33.85,Palatine,15
54,PL,15.6,49,M,37.82,Palatine,14
55,PL,15.9,48,M,39.95,Palatine,9
56,PL,16.2,53,M,36.48,Palatine,17
57,PL,16.3,55,M,40.23,Palatine,17
58,PL,16.6,56,M,38.52,Palatine,15
59,PL,15.8,49,M,39.84,Palatine,12
60,PL,18.9,77,M,44.42,Palatine,16
61,PL,18.8,82,M,46.22,Palatine,16
62,PL,14.4,40,M,33.83,Palatine,13
90,PL,17.5,64,M,39.73,Palatine,8
91,PL,17.1,63,M,39.01,Palatine,15
92,PL,16.3,55,M,43.52,Palatine,17
93,PL,16.5,61,M,41.08,Palatine,15
192,PL,15.5,40,F,31.36,Palatine,13
194,PL,16,42,M,38.57,Palatine,13
195,PL,15.8,44,M,38.57,Palatine,16
196,PL,16.3,45,F,36.51,Palatine,17
197,PL,19.3,70,M,42.18,Palatine,18
198,PL,19.2,77,M,44.96,Palatine,19
199,PL,17.7,53,F,37.28,Palatine,15
200,PL,18.3,54,F,43.18,Palatine,17
201,PL,19.6,77,F,45.23,Palatine,18
202,PL,20.8,96,M,45.12,Palatine,16
203,PL,15.8,50,M,35.98,Palatine,16
204,PL,16.2,57,M,37.99,Palatine,18
205,PL,16.5,48,M,39.07,Palatine,15
206,PL,18,69,M,41.86,Palatine,20
207,PL,19.8,88,M,48.17,Palatine,17
24,PI,23.6,145,M,55.69,Palatine,14
25,PI,31.5,414,F,67.3,Palatine,17
26,PI,24.5,205,M,57.82,Palatine,15
27,PI,37.5,727,M,103.21,Palatine,18
28,PI,36,547,M,82.82,Palatine,16
29,PI,40,845,F,92.32,Palatine,11
30,PI,33.5,560,M,82.35,Palatine,13
63,PI,25.3,188,M,60.75,Palatine,16
65,PI,29,265,F,68.49,Palatine,15
66,PI,27.8,251,F,64.69,Palatine,15
67,PI,28.5,250,M,68,Palatine,18
68,PI,27.7,268,M,66.97,Palatine,15
69,PI,28.2,250,M,66.73,Palatine,12
72,PI,30,354,M,78.04,Palatine,17
94,PI,50.3,1624,M,125.4,Palatine,16
95,PI,59.4,3626,M,151.2,Palatine,19
103,PI,32.5,439,F,75.43,Palatine,13
104,PI,35.7,527,M,81.41,Palatine,13
105,PI,35.3,683,M,83.97,Palatine,16
106,PI,50.6,1576,M,140.39,Palatine,21
119,PI,21.7,111,F,52.39,Palatine,NA
120,PI,22,114,M,48.66,Palatine,18
121,PI,23.4,118,F,50.55,Palatine,20
122,PI,24.2,147,F,55.59,Palatine,19
123,PI,18.7,69,M,45.83,Palatine,19
124,PI,20.9,102,M,48.11,Palatine,21
125,PI,17.5,51,M,44.09,Palatine,20
126,PI,21.5,99,F,45.41,Palatine,17
127,PI,23,117,M,52.08,Palatine,18
128,PI,24,151,F,50.03,Palatine,19
129,PI,26.5,212,F,57.85,Palatine,21
133,PI,22.6,138,M,53.32,Palatine,17
139,PI,30.8,356,M,78.42,Palatine,14
143,PI,30.7,315,F,64.64,Palatine,18
146,PI,28.6,274,M,74.53,Palatine,18
154,PI,25.2,161,F,57.92,Palatine,15
9,SB,12.5,22,F,32.16,Vomer,8
10,SB,14,37,F,36.2,Vomer,4
11,SB,16,23,F,28.7,Vomer,7
14,SB,12.5,25,F,29.1,Vomer,6
16,SB,12.5,23,F,31.03,Vomer,6
17,SB,13,24,F,31.3,Vomer,5
18,SB,14,37,F,36,Vomer,5
19,SB,14.5,33,F,34.1,Vomer,8
22,SB,14.5,30,F,34.6,Vomer,NA
81,SB,12.2,23,F,29.59,Vomer,3
82,SB,13.1,24,F,31.45,Vomer,NA
83,SB,14.5,33,M,38.55,Vomer,6
84,SB,14,31,F,34.48,Vomer,7
85,SB,15,42,M,39.03,Vomer,5
86,SB,12.2,21,F,29.92,Vomer,5
87,SB,13.8,28,F,35.3,Vomer,7
88,SB,14.5,36,F,37.49,Vomer,6
89,SB,17.2,48,F,44.14,Vomer,6
96,SB,9.6,10,M,24.62,Vomer,4
97,SB,9.9,12,F,25.9,Vomer,5
100,SB,13.5,29,M,36.35,Vomer,8
163,SB,11,16,M,29.2,Vomer,4
169,SB,15.6,44,F,43.23,Vomer,5
170,SB,14,38,F,32.85,Vomer,6
171,SB,16,46,F,38.14,Vomer,9
172,SB,16.3,49,F,38.9,Vomer,5
179,SB,16.5,54,F,40.97,Vomer,5
180,SB,14.8,45,M,39.5,Vomer,6
182,SB,10.8,14,M,26.84,Vomer,5
183,SB,12,18,F,26.91,Vomer,6
184,SB,11.2,15,F,26.33,Vomer,5
187,SB,11.8,20,F,30.05,Vomer,NA
189,SB,15.6,43,F,39.22,Vomer,7
31,LB,28.5,322,F,67.41,Vomer,6
32,LB,25,188,M,55.51,Vomer,4
33,LB,18.5,68,F,45.85,Vomer,7
34,LB,24,147,F,52.46,Vomer,4
35,LB,36,605,F,80.5,Vomer,6
36,LB,30.5,323,F,71.55,Vomer,6
37,LB,29,288,M,63.91,Vomer,6
38,LB,26,218,F,59.39,Vomer,8
39,LB,27,251,F,62.29,Vomer,6
40,LB,30,385,F,67.74,Vomer,7
41,LB,26.5,211,F,66.01,Vomer,6
42,LB,30.5,378,M,71.66,Vomer,5
43,LB,21,113,M,43.88,Vomer,5
44,LB,23.3,156,M,53.87,Vomer,3
45,LB,26.5,237,M,60.01,Vomer,6
47,LB,28.6,267,M,58.36,Vomer,6
48,LB,29.6,320,M,69.74,Vomer,NA
49,LB,29.4,319,M,69.29,Vomer,7
50,LB,31.5,393,F,81.22,Vomer,7
51,LB,30.3,328,M,68.15,Vomer,5
52,LB,31.4,410,F,73.37,Vomer,7
107,LB,28.4,296,F,64.83,Vomer,6
108,LB,28,303,M,65.02,Vomer,6
109,LB,28,287,F,62.07,Vomer,7
110,LB,29.5,354,M,65.41,Vomer,6
111,LB,30.7,395,M,67.42,Vomer,5
112,LB,30.5,334,F,68.05,Vomer,8
113,LB,30.9,380,F,66.07,Vomer,7
114,LB,36.6,665,M,87.28,Vomer,5
115,LB,32.3,453,M,63.3,Vomer,5
117,LB,29.5,337,F,79.93,Vomer,6
118,LB,29.7,353,F,66.16,Vomer,NA
1,PL,16.5,54,M,38.5,Vomer,7
2,PL,17,57,M,39.5,Vomer,7
3,PL,17,61,M,NA,Vomer,6
4,PL,14.5,40,M,35.81,Vomer,7
5,PL,15,44,M,35.5,Vomer,4
6,PL,17.5,62,M,42.5,Vomer,6
7,PL,18,74,M,43.4,Vomer,8
8,PL,16.5,57,M,38.8,Vomer,NA
53,PL,14.5,35,M,33.85,Vomer,4
54,PL,15.6,49,M,37.82,Vomer,6
55,PL,15.9,48,M,39.95,Vomer,7
56,PL,16.2,53,M,36.48,Vomer,6
57,PL,16.3,55,M,40.23,Vomer,5
58,PL,16.6,56,M,38.52,Vomer,5
59,PL,15.8,49,M,39.84,Vomer,3
60,PL,18.9,77,M,44.42,Vomer,8
61,PL,18.8,82,M,46.22,Vomer,6
62,PL,14.4,40,M,33.83,Vomer,7
90,PL,17.5,64,M,39.73,Vomer,6
91,PL,17.1,63,M,39.01,Vomer,5
92,PL,16.3,55,M,43.52,Vomer,7
93,PL,16.5,61,M,41.08,Vomer,5
192,PL,15.5,40,F,31.36,Vomer,4
194,PL,16,42,M,38.57,Vomer,5
195,PL,15.8,44,M,38.57,Vomer,6
196,PL,16.3,45,F,36.51,Vomer,7
197,PL,19.3,70,M,42.18,Vomer,7
198,PL,19.2,77,M,44.96,Vomer,7
199,PL,17.7,53,F,37.28,Vomer,6
200,PL,18.3,54,F,43.18,Vomer,3
201,PL,19.6,77,F,45.23,Vomer,6
202,PL,20.8,96,M,45.12,Vomer,7
203,PL,15.8,50,M,35.98,Vomer,6
204,PL,16.2,57,M,37.99,Vomer,6
205,PL,16.5,48,M,39.07,Vomer,6
206,PL,18,69,M,41.86,Vomer,6
207,PL,19.8,88,M,48.17,Vomer,8
24,PI,23.6,145,M,55.69,Vomer,7
25,PI,31.5,414,F,67.3,Vomer,5
26,PI,24.5,205,M,57.82,Vomer,8
27,PI,37.5,727,M,103.21,Vomer,6
28,PI,36,547,M,82.82,Vomer,5
29,PI,40,845,F,92.32,Vomer,8
30,PI,33.5,560,M,82.35,Vomer,6
63,PI,25.3,188,M,60.75,Vomer,7
65,PI,29,265,F,68.49,Vomer,5
66,PI,27.8,251,F,64.69,Vomer,7
67,PI,28.5,250,M,68,Vomer,7
68,PI,27.7,268,M,66.97,Vomer,4
69,PI,28.2,250,M,66.73,Vomer,8
72,PI,30,354,M,78.04,Vomer,6
94,PI,50.3,1624,M,125.4,Vomer,8
95,PI,59.4,3626,M,151.2,Vomer,6
103,PI,32.5,439,F,75.43,Vomer,8
104,PI,35.7,527,M,81.41,Vomer,6
105,PI,35.3,683,M,83.97,Vomer,9
106,PI,50.6,1576,M,140.39,Vomer,8
119,PI,21.7,111,F,52.39,Vomer,9
120,PI,22,114,M,48.66,Vomer,NA
121,PI,23.4,118,F,50.55,Vomer,5
122,PI,24.2,147,F,55.59,Vomer,5
123,PI,18.7,69,M,45.83,Vomer,4
124,PI,20.9,102,M,48.11,Vomer,6
125,PI,17.5,51,M,44.09,Vomer,5
126,PI,21.5,99,F,45.41,Vomer,8
127,PI,23,117,M,52.08,Vomer,6
128,PI,24,151,F,50.03,Vomer,6
129,PI,26.5,212,F,57.85,Vomer,6
133,PI,22.6,138,M,53.32,Vomer,9
139,PI,30.8,356,M,78.42,Vomer,6
143,PI,30.7,315,F,64.64,Vomer,7
146,PI,28.6,274,M,74.53,Vomer,NA
154,PI,25.2,161,F,57.92,Vomer,NA
9,SB,12.5,22,F,32.16,Glossohyal,4
10,SB,14,37,F,36.2,Glossohyal,3
11,SB,16,23,F,28.7,Glossohyal,4
14,SB,12.5,25,F,29.1,Glossohyal,5
16,SB,12.5,23,F,31.03,Glossohyal,8
17,SB,13,24,F,31.3,Glossohyal,7
18,SB,14,37,F,36,Glossohyal,5
19,SB,14.5,33,F,34.1,Glossohyal,5
22,SB,14.5,30,F,34.6,Glossohyal,5
81,SB,12.2,23,F,29.59,Glossohyal,5
82,SB,13.1,24,F,31.45,Glossohyal,3
83,SB,14.5,33,M,38.55,Glossohyal,5
84,SB,14,31,F,34.48,Glossohyal,4
85,SB,15,42,M,39.03,Glossohyal,4
86,SB,12.2,21,F,29.92,Glossohyal,5
87,SB,13.8,28,F,35.3,Glossohyal,2
88,SB,14.5,36,F,37.49,Glossohyal,7
89,SB,17.2,48,F,44.14,Glossohyal,5
96,SB,9.6,10,M,24.62,Glossohyal,1
97,SB,9.9,12,F,25.9,Glossohyal,3
100,SB,13.5,29,M,36.35,Glossohyal,3
163,SB,11,16,M,29.2,Glossohyal,3
169,SB,15.6,44,F,43.23,Glossohyal,8
170,SB,14,38,F,32.85,Glossohyal,3
171,SB,16,46,F,38.14,Glossohyal,5
172,SB,16.3,49,F,38.9,Glossohyal,4
179,SB,16.5,54,F,40.97,Glossohyal,4
180,SB,14.8,45,M,39.5,Glossohyal,5
182,SB,10.8,14,M,26.84,Glossohyal,4
183,SB,12,18,F,26.91,Glossohyal,8
184,SB,11.2,15,F,26.33,Glossohyal,5
187,SB,11.8,20,F,30.05,Glossohyal,NA
189,SB,15.6,43,F,39.22,Glossohyal,3
31,LB,28.5,322,F,67.41,Glossohyal,3
32,LB,25,188,M,55.51,Glossohyal,2
33,LB,18.5,68,F,45.85,Glossohyal,NA
34,LB,24,147,F,52.46,Glossohyal,6
35,LB,36,605,F,80.5,Glossohyal,5
36,LB,30.5,323,F,71.55,Glossohyal,3
37,LB,29,288,M,63.91,Glossohyal,4
38,LB,26,218,F,59.39,Glossohyal,3
39,LB,27,251,F,62.29,Glossohyal,2
40,LB,30,385,F,67.74,Glossohyal,5
41,LB,26.5,211,F,66.01,Glossohyal,5
42,LB,30.5,378,M,71.66,Glossohyal,4
43,LB,21,113,M,43.88,Glossohyal,6
44,LB,23.3,156,M,53.87,Glossohyal,2
45,LB,26.5,237,M,60.01,Glossohyal,6
47,LB,28.6,267,M,58.36,Glossohyal,5
48,LB,29.6,320,M,69.74,Glossohyal,5
49,LB,29.4,319,M,69.29,Glossohyal,4
50,LB,31.5,393,F,81.22,Glossohyal,5
51,LB,30.3,328,M,68.15,Glossohyal,3
52,LB,31.4,410,F,73.37,Glossohyal,6
107,LB,28.4,296,F,64.83,Glossohyal,3
108,LB,28,303,M,65.02,Glossohyal,4
109,LB,28,287,F,62.07,Glossohyal,3
110,LB,29.5,354,M,65.41,Glossohyal,5
111,LB,30.7,395,M,67.42,Glossohyal,4
112,LB,30.5,334,F,68.05,Glossohyal,2
113,LB,30.9,380,F,66.07,Glossohyal,2
114,LB,36.6,665,M,87.28,Glossohyal,2
115,LB,32.3,453,M,63.3,Glossohyal,4
117,LB,29.5,337,F,79.93,Glossohyal,6
118,LB,29.7,353,F,66.16,Glossohyal,4
1,PL,16.5,54,M,38.5,Glossohyal,5
2,PL,17,57,M,39.5,Glossohyal,NA
3,PL,17,61,M,NA,Glossohyal,5
4,PL,14.5,40,M,35.81,Glossohyal,5
5,PL,15,44,M,35.5,Glossohyal,5
6,PL,17.5,62,M,42.5,Glossohyal,6
7,PL,18,74,M,43.4,Glossohyal,5
8,PL,16.5,57,M,38.8,Glossohyal,4
53,PL,14.5,35,M,33.85,Glossohyal,6
54,PL,15.6,49,M,37.82,Glossohyal,6
55,PL,15.9,48,M,39.95,Glossohyal,5
56,PL,16.2,53,M,36.48,Glossohyal,4
57,PL,16.3,55,M,40.23,Glossohyal,3
58,PL,16.6,56,M,38.52,Glossohyal,4
59,PL,15.8,49,M,39.84,Glossohyal,4
60,PL,18.9,77,M,44.42,Glossohyal,3
61,PL,18.8,82,M,46.22,Glossohyal,4
62,PL,14.4,40,M,33.83,Glossohyal,6
90,PL,17.5,64,M,39.73,Glossohyal,5
91,PL,17.1,63,M,39.01,Glossohyal,5
92,PL,16.3,55,M,43.52,Glossohyal,6
93,PL,16.5,61,M,41.08,Glossohyal,4
192,PL,15.5,40,F,31.36,Glossohyal,4
194,PL,16,42,M,38.57,Glossohyal,7
195,PL,15.8,44,M,38.57,Glossohyal,3
196,PL,16.3,45,F,36.51,Glossohyal,2
197,PL,19.3,70,M,42.18,Glossohyal,4
198,PL,19.2,77,M,44.96,Glossohyal,2
199,PL,17.7,53,F,37.28,Glossohyal,5
200,PL,18.3,54,F,43.18,Glossohyal,4
201,PL,19.6,77,F,45.23,Glossohyal,4
202,PL,20.8,96,M,45.12,Glossohyal,4
203,PL,15.8,50,M,35.98,Glossohyal,6
204,PL,16.2,57,M,37.99,Glossohyal,5
205,PL,16.5,48,M,39.07,Glossohyal,3
206,PL,18,69,M,41.86,Glossohyal,6
207,PL,19.8,88,M,48.17,Glossohyal,2
24,PI,23.6,145,M,55.69,Glossohyal,1
25,PI,31.5,414,F,67.3,Glossohyal,7
26,PI,24.5,205,M,57.82,Glossohyal,7
27,PI,37.5,727,M,103.21,Glossohyal,3
28,PI,36,547,M,82.82,Glossohyal,NA
29,PI,40,845,F,92.32,Glossohyal,8
30,PI,33.5,560,M,82.35,Glossohyal,4
63,PI,25.3,188,M,60.75,Glossohyal,5
65,PI,29,265,F,68.49,Glossohyal,6
66,PI,27.8,251,F,64.69,Glossohyal,6
67,PI,28.5,250,M,68,Glossohyal,4
68,PI,27.7,268,M,66.97,Glossohyal,4
69,PI,28.2,250,M,66.73,Glossohyal,6
72,PI,30,354,M,78.04,Glossohyal,NA
94,PI,50.3,1624,M,125.4,Glossohyal,1
95,PI,59.4,3626,M,151.2,Glossohyal,1
103,PI,32.5,439,F,75.43,Glossohyal,5
104,PI,35.7,527,M,81.41,Glossohyal,4
105,PI,35.3,683,M,83.97,Glossohyal,2
106,PI,50.6,1576,M,140.39,Glossohyal,2
119,PI,21.7,111,F,52.39,Glossohyal,3
120,PI,22,114,M,48.66,Glossohyal,6
121,PI,23.4,118,F,50.55,Glossohyal,7
122,PI,24.2,147,F,55.59,Glossohyal,6
123,PI,18.7,69,M,45.83,Glossohyal,4
124,PI,20.9,102,M,48.11,Glossohyal,4
125,PI,17.5,51,M,44.09,Glossohyal,5
126,PI,21.5,99,F,45.41,Glossohyal,8
127,PI,23,117,M,52.08,Glossohyal,2
128,PI,24,151,F,50.03,Glossohyal,7
129,PI,26.5,212,F,57.85,Glossohyal,6
133,PI,22.6,138,M,53.32,Glossohyal,6
139,PI,30.8,356,M,78.42,Glossohyal,4
143,PI,30.7,315,F,64.64,Glossohyal,4
146,PI,28.6,274,M,74.53,Glossohyal,5
154,PI,25.2,161,F,57.92,Glossohyal,4
